title,description,url,date,publishDate
ビジネスガリ版508号,レッツ相続申告(No.9) / 相続関連ニュース など,https://miocci.com/wp-content/uploads/2025/08/inheritance_newsletter_508.pdf,2025年08月18日,2025/08/18 10:00:00
ビジネスガリ版507号,レッツ相続申告(No.8) / 相続関連ニュース など,https://miocci.com/wp-content/uploads/2025/08/inheritance_newsletter_507.pdf,2025年08月11日,2025/08/11 10:00:00
ビジネスガリ版506号,レッツ相続申告(No.7) / 相続関連ニュース など,https://miocci.com/wp-content/uploads/2025/07/inheritance_newsletter_506.pdf,2025年07月28日,2025/07/28 10:00:00
ビジネスガリ版505号,レッツ相続申告(No.6) / 相続関連ニュース など,https://miocci.com/wp-content/uploads/2025/07/inheritance_newsletter_505.pdf,2025年07月21日,2025/07/21 10:00:00
ビジネスガリ版504号,レッツ相続申告(No.5) / 相続関連ニュース など,https://miocci.com/wp-content/uploads/2025/06/inheritance_newsletter_504_2.pdf,2025年06月30日,2025/06/30 10:00:00
ビジネスガリ版503号,レッツ相続申告(No.4) / 相続関連ニュース など,https://miocci.com/wp-content/uploads/2025/05/inheritance_newsletter_503.pdf,2025年05月26日,2025/05/26 10:00:00
ビジネスガリ版502号,レッツ相続申告(No.3) / 相続関連ニュース など,https://miocci.com/wp-content/uploads/2025/05/inheritance_newsletter_502.pdf,2025年05月19日,2025/05/19 10:00:00
ビジネスガリ版501号,レッツ相続申告(No.2) / 相続関連ニュース など,https://miocci.com/wp-content/uploads/2025/08/inheritance_newsletter_501.pdf,2025年05月12日,2025/05/12 10:00:00
ビジネスガリ版500号,レッツ相続申告(No.1) / 相続関連ニュース など,https://miocci.com/wp-content/uploads/2025/08/inheritance_newsletter_500.pdf,2025年05月05日,2025/05/05 10:00:00
